,fold,genuine,score
0,0,True,0.08127528888045515
1,0,True,0.037585824338111966
2,0,True,0.28748518658330247
3,0,True,0.5293538932584912
4,0,True,0.8449820462907914
5,0,True,0.037585824338111966
6,0,True,0.28748518658330247
7,0,True,0.222902203845483
8,0,True,0.0007862449491573683
9,0,True,1.0
10,0,True,0.3440194564243388
11,0,True,0.5185023824391788
12,0,True,0.35419317054508537
13,0,True,0.6056613920528748
14,0,True,0.8592027352648467
15,0,True,0.5315393498390829
16,0,True,0.4687120164730548
17,0,True,0.8872759269671511
18,0,True,1.0
19,0,True,0.2116219708098794
20,0,True,0.49282218873465683
21,0,True,0.41463250493243353
22,0,True,0.29486514870058916
23,0,True,0.5364593110356125
24,0,True,0.9717066515830892
25,0,True,0.9658434070207604
26,0,True,1.0
27,0,True,0.8903413684459544
28,0,True,0.7804035468003873
29,0,True,0.9555204805075588
30,0,True,1.0
31,0,True,0.26162419489329725
32,0,True,0.6434842745781606
33,0,True,0.19438410911244186
34,0,True,0.8010673580569702
35,0,True,0.8951039071380356
36,0,True,0.4562856564305634
37,0,True,0.7832202020426752
38,0,True,0.537968895068346
39,0,True,0.43091471004426174
40,0,True,1.0
41,0,True,0.6631616848216149
42,0,True,0.4473327899784181
43,0,True,0.272226551631596
44,0,True,0.636840650946907
45,0,True,0.5641126458287768
46,0,True,0.7017366198711336
47,0,True,0.6678551570551489
48,0,True,0.5736939751270629
49,0,True,0.3323063424066411
50,0,True,0.2643088202909372
51,0,True,0.8185955293525404
52,0,True,0.6925139004801206
53,0,True,0.6093494361445322
54,0,True,1.0
55,0,True,0.3778831618849575
56,0,True,0.8281377828184769
57,0,True,0.910457003737332
58,0,True,0.43851468822550976
59,0,True,0.6713293455817795
60,0,True,0.6755522434331674
61,0,True,0.2795836852218615
62,0,True,0.3934368045184251
63,0,True,0.6563834104271448
64,0,True,0.48965251473688626
65,0,True,0.342580847539134
66,0,True,0.5146693153875166
67,0,True,0.5242197715876009
68,0,True,0.7521111703731364
69,0,True,1.0
70,0,True,0.47145201736392717
71,0,True,0.8225987417832314
72,0,True,0.8600158094275147
73,0,True,0.17540643569936146
74,0,True,0.41570038704504747
75,0,True,0.6964595239361145
76,0,True,0.5259211166857751
77,0,True,0.29328062792394993
78,0,True,0.5403708419599353
79,0,True,1.0
80,0,True,0.724095183953134
81,0,True,0.4273382629459453
82,0,True,0.05879502434648287
83,0,True,0.42356280207138675
84,0,True,0.8418939241714373
85,0,True,0.5282478741343946
86,0,True,0.8417378418444905
87,0,True,0.5162000842598823
88,0,True,1.0
89,0,True,0.3295770379503863
90,0,True,0.1696921277406508
91,0,True,0.39026418979535443
92,0,True,0.03640861880859805
93,0,True,0.5481099045346551
94,0,True,0.674972384647697
95,0,True,0.2532222528233376
96,0,True,1.0
97,0,True,0.9439050452811956
98,0,True,0.0783199261392695
99,0,True,0.04041355402100498
100,0,False,0.00013964688166505013
101,0,False,3.430549719018189e-05
102,0,False,4.308172274636747e-06
103,0,False,1.8318645585982652e-05
104,0,False,7.941042921698974e-07
105,0,False,7.025369287472055e-05
106,0,False,0.0002909387176013591
107,0,False,0.0008453964777412221
108,0,False,0.0
109,0,False,3.430549719018189e-05
110,0,False,0.00015757991595701944
111,0,False,0.0
112,0,False,0.02211306845976503
113,0,False,0.0038274104108145805
114,0,False,0.016370863631569522
115,0,False,0.01891892408544494
116,0,False,0.03609992400569525
117,0,False,0.0334628250660391
118,0,False,0.0142792539194009
119,0,False,0.007172019998732092
120,0,False,0.05353151967768667
121,0,False,0.0
122,0,False,0.1853161500846956
123,0,False,0.2350312380725052
124,0,False,0.053735650628562566
125,0,False,0.08464763858543167
126,0,False,0.11606436672744672
127,0,False,0.11976929473305963
128,0,False,0.08167644965474702
129,0,False,0.13556202113961927
130,0,False,0.16675060439659886
131,0,False,0.07300099251612661
132,0,False,0.041009186551941496
133,0,False,0.041922230600185094
134,0,False,0.10064115596288196
135,0,False,0.0993106856387083
136,0,False,0.11641996618823261
137,0,False,0.06475462409368996
138,0,False,0.07791137654474788
139,0,False,0.0
140,0,False,0.058940042880068745
141,0,False,0.03762669789388313
142,0,False,0.009988559872302674
143,0,False,0.017522125455525214
144,0,False,0.06220800625197855
145,0,False,0.030475119480009933
146,0,False,0.03987946523717188
147,0,False,0.0
148,0,False,0.045154815338708854
149,0,False,0.040040551756151184
150,0,False,0.163668594524658
151,0,False,0.25591171832001053
152,0,False,0.13547378675801366
153,0,False,0.11582756394137009
154,0,False,0.30217092160359477
155,0,False,0.3498952506671101
156,0,False,0.23218637700843975
157,0,False,0.0
158,0,False,0.046367241032160084
159,0,False,0.028453509416255345
160,0,False,0.23254276242923635
161,0,False,0.12956509068687017
162,0,False,0.5729164200427389
163,0,False,0.14266932965555654
164,0,False,0.20013597532790472
165,0,False,0.026598948472539727
166,0,False,0.28576545674330317
167,0,False,0.9687157780825176
168,0,False,0.09029382697354503
169,0,False,0.0
170,0,False,0.05868356611312234
171,0,False,0.021543424465507124
172,0,False,0.02982949686905362
173,0,False,0.029150104238771565
174,0,False,0.0
175,0,False,0.034998946053334416
176,0,False,0.03203598648229372
177,0,False,0.0017297423666264012
178,0,False,0.014865396073468026
179,0,False,0.005824556230083596
180,0,False,0.0201534994198209
181,0,False,0.031578497413668666
182,0,False,0.0049297536845196
183,0,False,0.0
184,0,False,0.00044520784802407076
185,0,False,0.013094932649052066
186,0,False,0.006582676664166816
187,0,False,0.0012803397225778083
188,0,False,0.006155252111334862
189,0,False,0.004219003051250062
190,0,False,0.09687673743104072
191,0,False,0.047096346996861736
192,0,False,0.0
193,0,False,0.006812672243111228
194,0,False,0.252404966452693
195,0,False,0.019514926765621072
196,0,False,0.008053714260896518
197,0,False,0.03178798939493271
198,0,False,0.0023951366689702828
199,0,False,0.01605353740941254
200,1,True,0.03039353753100893
201,1,True,0.012683571404620899
202,1,True,0.11512434125493444
203,1,True,1.0
204,1,True,0.9998633894986096
205,1,True,0.03813462974839775
206,1,True,0.07191869972406907
207,1,True,0.11143783476156616
208,1,True,0.03772914206680358
209,1,True,0.07145288097542643
210,1,True,0.41579867701396755
211,1,True,0.5649569941795932
212,1,True,0.23190870267801894
213,1,True,0.08464283017860211
214,1,True,0.7358066332284654
215,1,True,1.0
216,1,True,0.32622910080159717
217,1,True,0.3706567315159299
218,1,True,0.7915770205057557
219,1,True,0.5545495677396531
220,1,True,0.33168261204133515
221,1,True,0.31426512107957627
222,1,True,0.46219234928162184
223,1,True,0.4052764861264114
224,1,True,0.6765552605403867
225,1,True,1.0
226,1,True,0.9953009771809002
227,1,True,0.9399813411059219
228,1,True,0.6990795448872651
229,1,True,0.7803289631021457
230,1,True,0.13724614959590226
231,1,True,0.46507355988152177
232,1,True,0.6757304679542576
233,1,True,0.44496532024086866
234,1,True,1.0
235,1,True,0.6898069112093478
236,1,True,0.9475403346821095
237,1,True,0.48871042141767107
238,1,True,0.6956097097814224
239,1,True,0.7510994478354083
240,1,True,0.796726703053783
241,1,True,1.0
242,1,True,0.7484911568104536
243,1,True,0.43071332319469924
244,1,True,0.5567209808067423
245,1,True,0.19102517237290711
246,1,True,0.45611280541275245
247,1,True,0.5626377742777847
248,1,True,0.1695253238091543
249,1,True,0.32519791613088017
250,1,True,0.2918548937142302
251,1,True,1.0
252,1,True,0.4390295682342655
253,1,True,0.8313863324215589
254,1,True,0.7493501185156628
255,1,True,0.4296647008318592
256,1,True,0.1961325411825332
257,1,True,0.5213037298826336
258,1,True,0.4740988962931448
259,1,True,0.642690703087878
260,1,True,0.27927238678207755
261,1,True,0.4648943787838485
262,1,True,0.2361452015388746
263,1,True,0.2250367330634304
264,1,True,0.3850539832394655
265,1,True,0.6277360039452501
266,1,True,0.5078380388813549
267,1,True,0.9632322259013996
268,1,True,0.6663191716063086
269,1,True,0.44031985227644
270,1,True,0.4105476436498122
271,1,True,0.6495842612915538
272,1,True,0.5903285396299714
273,1,True,1.0
274,1,True,0.1722164831392971
275,1,True,0.28574654443272257
276,1,True,0.9683932860547032
277,1,True,0.7897068148853738
278,1,True,0.350837438952261
279,1,True,0.2315331542193893
280,1,True,0.6476929312157739
281,1,True,0.7797438280077683
282,1,True,0.9613453324868175
283,1,True,0.19556330613465028
284,1,True,0.5487053528808125
285,1,True,0.8372224629460148
286,1,True,0.7188286671539696
287,1,True,0.3349194824648716
288,1,True,1.0
289,1,True,0.5310564426297921
290,1,True,0.42354838673492484
291,1,True,0.37109771607479725
292,1,True,0.5498708459663845
293,1,True,0.12355298442349756
294,1,True,0.9373723476051338
295,1,True,1.0
296,1,True,0.7399669528194472
297,1,True,0.6529957158131496
298,1,True,0.15465851175738743
299,1,True,0.09735870466926896
300,1,False,0.02532474191580327
301,1,False,0.00010368752331716533
302,1,False,1.521694522677789e-06
303,1,False,3.143981854763547e-06
304,1,False,6.205155181115866e-06
305,1,False,0.0001466817829680942
306,1,False,5.130360150181118e-05
307,1,False,0.0005007076247825469
308,1,False,0.0
309,1,False,0.00010368752331716533
310,1,False,0.0
311,1,False,0.001513854851145444
312,1,False,0.016322437527624873
313,1,False,0.0033451337858128325
314,1,False,0.017092304194270973
315,1,False,0.012652236626677523
316,1,False,0.011790562608842179
317,1,False,0.07853194154214099
318,1,False,0.006285710820026164
319,1,False,0.003284258020587735
320,1,False,0.0321464205986652
321,1,False,0.0
322,1,False,0.061828138210341776
323,1,False,0.17286016962534406
324,1,False,0.08672772857563997
325,1,False,0.062172166935266164
326,1,False,0.15829229529517197
327,1,False,0.09611133658709271
328,1,False,0.058456255066278336
329,1,False,0.04502200761832046
330,1,False,0.0812029284944114
331,1,False,0.04793946444682354
332,1,False,0.05470694327756351
333,1,False,0.022707452047427537
334,1,False,0.07899070576689847
335,1,False,0.16959836897250896
336,1,False,0.0625542164158751
337,1,False,0.0168912127849922
338,1,False,0.005797545757118273
339,1,False,0.0
340,1,False,0.024790403439982112
341,1,False,0.031549073566505034
342,1,False,0.00563617097300908
343,1,False,0.016131320180038787
344,1,False,0.010649733884465752
345,1,False,0.012107205414389269
346,1,False,0.033989044171488646
347,1,False,0.0
348,1,False,0.01893276463789528
349,1,False,0.021479370114531954
350,1,False,0.010559992634256415
351,1,False,0.0798132570844138
352,1,False,0.04702491292755867
353,1,False,0.058456798643128687
354,1,False,0.020680004282643966
355,1,False,0.13801581120230097
356,1,False,0.056265685646588987
357,1,False,0.0
358,1,False,0.002441918183938957
359,1,False,0.00230585828183967
360,1,False,0.1670705261039184
361,1,False,0.03149564189405123
362,1,False,0.25166350946865723
363,1,False,0.04919783254865875
364,1,False,0.17866993701842626
365,1,False,0.2801942574298833
366,1,False,0.34433232555158555
367,1,False,1.0
368,1,False,0.0
369,1,False,0.01475872296274177
370,1,False,0.03596801453693945
371,1,False,0.01650086346040847
372,1,False,0.018344427305512247
373,1,False,0.025449796138297252
374,1,False,0.0
375,1,False,0.029776514652533323
376,1,False,0.014291264590507273
377,1,False,0.0009560344473930938
378,1,False,0.01573422858640744
379,1,False,0.006578739802093073
380,1,False,0.02890692741005616
381,1,False,0.035424277924571354
382,1,False,0.00864111915492114
383,1,False,0.0
384,1,False,0.0014884304079563538
385,1,False,0.006649945866587931
386,1,False,0.014555076582806548
387,1,False,0.0022799968038173606
388,1,False,0.015554092747119136
389,1,False,0.005703829436205786
390,1,False,0.33616927231722177
391,1,False,0.08823291107502487
392,1,False,0.0
393,1,False,0.021875062222820638
394,1,False,0.4720665912357198
395,1,False,0.15534955795558328
396,1,False,0.03591966287466051
397,1,False,0.061056242350672585
398,1,False,0.027954547043560457
399,1,False,0.06929412574603991
400,2,True,0.04479383185919823
401,2,True,0.03607377321165519
402,2,True,1.0
403,2,True,0.035668766377445885
404,2,True,0.07009129474928587
405,2,True,0.16434809715749737
406,2,True,0.035668766377445885
407,2,True,0.0013070672618742763
408,2,True,0.03322134430030862
409,2,True,0.13665452411709675
410,2,True,0.5875820385900168
411,2,True,0.19168720506096323
412,2,True,1.0
413,2,True,0.7407252223629418
414,2,True,0.9566154057691395
415,2,True,0.6724851442679676
416,2,True,0.886052765830187
417,2,True,0.8384180906592894
418,2,True,0.837688344031231
419,2,True,0.41743382271667395
420,2,True,0.45313357917849917
421,2,True,0.3921062942642093
422,2,True,0.6257680216914796
423,2,True,0.5257360691218227
424,2,True,0.6197821562590137
425,2,True,1.0
426,2,True,0.47993016157731805
427,2,True,0.8687968856737383
428,2,True,0.6279100788971477
429,2,True,0.9858843792260247
430,2,True,0.12570160480513257
431,2,True,0.5076300274520129
432,2,True,0.36457667014390477
433,2,True,0.14847854158070908
434,2,True,0.8961642088836833
435,2,True,1.0
436,2,True,0.32071095211152384
437,2,True,0.6146455118863021
438,2,True,0.5188184084970486
439,2,True,0.5207438007892954
440,2,True,1.0
441,2,True,0.6238775757172186
442,2,True,0.2687864051260958
443,2,True,0.9024588612139772
444,2,True,0.15277772607683154
445,2,True,0.2690547570756746
446,2,True,0.6577164343592182
447,2,True,0.06283663629818977
448,2,True,0.44805274151057667
449,2,True,0.09967173259579407
450,2,True,0.3641721928449129
451,2,True,0.28139971281741594
452,2,True,0.9300500342571113
453,2,True,0.44529425310024784
454,2,True,1.0
455,2,True,0.6183221344783589
456,2,True,0.34728516505074264
457,2,True,0.6384729497711439
458,2,True,0.7083544749028514
459,2,True,0.6930185252741754
460,2,True,0.023885553395422122
461,2,True,0.45491338861776437
462,2,True,0.17368727387793043
463,2,True,0.3153371179637599
464,2,True,0.21450836128963552
465,2,True,0.6831429795152039
466,2,True,0.444982110225588
467,2,True,0.9303988490133793
468,2,True,0.6540457506067283
469,2,True,0.7077392468272492
470,2,True,0.35542217113475677
471,2,True,0.8637142356227493
472,2,True,0.7532070071953517
473,2,True,0.9694003891624005
474,2,True,0.1896663409196182
475,2,True,0.1783954634841526
476,2,True,0.5581566430653252
477,2,True,0.6731106847603265
478,2,True,0.48368184662215985
479,2,True,1.0
480,2,True,0.5435753764001446
481,2,True,0.8593233626545792
482,2,True,0.08118435871209623
483,2,True,0.5775090256030693
484,2,True,0.6001507760385206
485,2,True,0.5447901965230026
486,2,True,0.5508511076603472
487,2,True,0.6698119726183348
488,2,True,1.0
489,2,True,0.3855404855767581
490,2,True,0.7315689679890257
491,2,True,0.13162485060059745
492,2,True,0.4225872412820779
493,2,True,0.6555976126562229
494,2,True,0.637259722835516
495,2,True,1.0
496,2,True,0.662749260071415
497,2,True,0.8570626460150478
498,2,True,0.661225817086219
499,2,True,0.25373489270227534
500,2,False,0.0003555540872880041
501,2,False,2.379970333979302e-05
502,2,False,1.604878754814733e-06
503,2,False,3.154021170786981e-05
504,2,False,3.3213957355420656e-07
505,2,False,0.0010645485045537864
506,2,False,0.00030739911885931684
507,2,False,0.0014716255533609003
508,2,False,0.0
509,2,False,2.379970333979302e-05
510,2,False,0.0
511,2,False,0.006190248437506625
512,2,False,0.025937239091370978
513,2,False,0.002822132154461026
514,2,False,0.037917117918536754
515,2,False,0.024518610371091706
516,2,False,0.04992285220240915
517,2,False,0.0660537552151651
518,2,False,0.010188903243972525
519,2,False,0.009155473101788545
520,2,False,0.023363069778148178
521,2,False,0.0
522,2,False,0.05705671297314952
523,2,False,0.22592135463861598
524,2,False,0.09050247850495635
525,2,False,0.05733906401127607
526,2,False,0.08181633296709148
527,2,False,0.16421498413247185
528,2,False,0.10730294434450525
529,2,False,0.07730270140852162
530,2,False,0.06800233872331705
531,2,False,0.09685353088982177
532,2,False,0.027824441638750207
533,2,False,0.03379589271532947
534,2,False,0.03010984674642005
535,2,False,0.07221103354284814
536,2,False,0.10051653326215843
537,2,False,0.013242885944119313
538,2,False,0.0005829338891435011
539,2,False,0.0
540,2,False,0.029964085974375415
541,2,False,0.07761052725127117
542,2,False,0.0036129095807347577
543,2,False,0.022337642741145736
544,2,False,0.01575157949314563
545,2,False,0.010529574655822532
546,2,False,0.015223446996096082
547,2,False,0.0
548,2,False,0.018163604765907518
549,2,False,0.08099321276017983
550,2,False,0.02440748351597988
551,2,False,0.08067005883650821
552,2,False,0.05964693341873048
553,2,False,0.06363428946072353
554,2,False,0.03493915044644736
555,2,False,0.13667364575420676
556,2,False,0.07881422008496325
557,2,False,0.00046420134374706523
558,2,False,0.0026974562453023296
559,2,False,0.0
560,2,False,0.1430641709926058
561,2,False,0.11010261417439278
562,2,False,0.25791589526687436
563,2,False,0.0694495323869828
564,2,False,0.08915362109902567
565,2,False,0.0018084942440859853
566,2,False,0.0
567,2,False,1.0
568,2,False,0.15946425283009066
569,2,False,0.12963578614354487
570,2,False,0.0912633763939648
571,2,False,0.10855471489388949
572,2,False,0.04539408638990802
573,2,False,0.11622163828664346
574,2,False,0.0
575,2,False,0.14075415251154139
576,2,False,0.04063838318758364
577,2,False,0.007396544465105983
578,2,False,0.0600619143593945
579,2,False,0.03454504170397682
580,2,False,0.07951932026835781
581,2,False,0.04910400806585115
582,2,False,0.012467509613516588
583,2,False,0.0
584,2,False,0.006421388602369739
585,2,False,0.032282735491476665
586,2,False,0.029244844802120418
587,2,False,0.003781028654309038
588,2,False,0.04117025446714089
589,2,False,0.014191680411106121
590,2,False,0.4268166938500957
591,2,False,0.30428973461845416
592,2,False,0.0
593,2,False,0.0348692659028399
594,2,False,0.3214242989526443
595,2,False,0.09517001761488186
596,2,False,0.0727495281336394
597,2,False,0.051878969045777684
598,2,False,0.03793479621222352
599,2,False,0.10438720228070048
600,3,True,0.09204133498971068
601,3,True,0.07413921225642074
602,3,True,0.05294731425953463
603,3,True,1.0
604,3,True,0.18150161662791325
605,3,True,0.05294731425953463
606,3,True,0.18567261373399457
607,3,True,0.1746300843559135
608,3,True,0.07990089699829826
609,3,True,0.11788972277436548
610,3,True,0.6051733429078104
611,3,True,0.35386503533166874
612,3,True,0.7314471738288986
613,3,True,1.0
614,3,True,0.6865493602970583
615,3,True,0.6272168225967822
616,3,True,0.7943168222297111
617,3,True,0.8463608896214068
618,3,True,0.7311018983385007
619,3,True,0.36210689949434693
620,3,True,0.3129216406335525
621,3,True,0.2985303618467494
622,3,True,0.4041197082880036
623,3,True,0.36016370944777076
624,3,True,0.6886192959190771
625,3,True,1.0
626,3,True,0.9159385930936793
627,3,True,0.6355260296144147
628,3,True,0.7007497090337418
629,3,True,0.7636675491620206
630,3,True,0.17389332962463008
631,3,True,0.6177623208119102
632,3,True,0.26563671312935355
633,3,True,0.48854493358209994
634,3,True,0.8961249030912534
635,3,True,0.7127027359166422
636,3,True,1.0
637,3,True,0.854483686179842
638,3,True,0.8168542026621015
639,3,True,0.7250874271762616
640,3,True,0.43162465891042895
641,3,True,0.6231609939108566
642,3,True,1.0
643,3,True,0.48253944395894893
644,3,True,0.5634700165126011
645,3,True,0.30109960512602857
646,3,True,0.6264164103759764
647,3,True,0.2853197356747777
648,3,True,0.5825905945749291
649,3,True,0.8407668861652264
650,3,True,0.4600105496813915
651,3,True,0.2390344903895325
652,3,True,0.7877082275901621
653,3,True,0.7396378518081973
654,3,True,0.5984339497273254
655,3,True,0.8921121128661788
656,3,True,1.0
657,3,True,0.37332864378690295
658,3,True,0.9710510420754989
659,3,True,0.606745894593552
660,3,True,0.9492542992799281
661,3,True,0.7687429941173555
662,3,True,0.9962722448976628
663,3,True,0.6440047359267617
664,3,True,0.9187843475299006
665,3,True,0.9922161307287398
666,3,True,0.6136213683582407
667,3,True,0.7322426251820794
668,3,True,0.8698906941526129
669,3,True,0.9104497468511028
670,3,True,0.1899648245402533
671,3,True,0.30912817255767294
672,3,True,0.7271005564369049
673,3,True,0.5781654264310545
674,3,True,0.14637584273170842
675,3,True,0.5143553537269002
676,3,True,0.41930088270733945
677,3,True,0.31396334137250037
678,3,True,0.5410699918531686
679,3,True,1.0
680,3,True,0.49310946456956717
681,3,True,0.3799240918149844
682,3,True,1.0
683,3,True,0.11791177383083348
684,3,True,0.5038224666437274
685,3,True,0.5428038166261936
686,3,True,0.7770908154392687
687,3,True,0.4524382876773159
688,3,True,0.9563437264465133
689,3,True,0.32901076833624787
690,3,True,0.3954272145691752
691,3,True,0.6399003191646473
692,3,True,0.17589171521184363
693,3,True,0.6866752848779566
694,3,True,0.8547107000606214
695,3,True,1.0
696,3,True,0.8148858679970545
697,3,True,0.5668948879516954
698,3,True,0.16327674560937538
699,3,True,0.1320064842535224
700,3,False,0.049495583760630256
701,3,False,0.00032928092804614416
702,3,False,1.0480544444781632e-05
703,3,False,3.2186802750580696e-05
704,3,False,5.879588148382867e-05
705,3,False,0.005750345116926356
706,3,False,0.0015318080764502272
707,3,False,0.004465394116281681
708,3,False,0.0
709,3,False,0.00032928092804614416
710,3,False,0.0
711,3,False,0.005130137370903448
712,3,False,0.023103263510674724
713,3,False,0.0026493178610726155
714,3,False,0.020897795849700418
715,3,False,0.01389614707924112
716,3,False,0.01731157769415794
717,3,False,0.0418372935693394
718,3,False,0.013986345818327254
719,3,False,0.0075625688248394645
720,3,False,0.030956120232554778
721,3,False,0.0
722,3,False,0.04978964746723979
723,3,False,0.13500683050577927
724,3,False,0.08051376055010132
725,3,False,0.0525279044165194
726,3,False,0.09787612701236277
727,3,False,0.08265927574640346
728,3,False,0.050514059258520386
729,3,False,0.0320419148701643
730,3,False,0.1219221968347821
731,3,False,0.05545409727920273
732,3,False,0.052495315671951516
733,3,False,0.021234655029485988
734,3,False,0.009934303094864438
735,3,False,0.08487064274269294
736,3,False,0.09630756531991692
737,3,False,0.01757218501465452
738,3,False,0.0063237806978966495
739,3,False,0.0
740,3,False,0.07139046692348182
741,3,False,0.0551546527575658
742,3,False,0.030261660371305597
743,3,False,0.0830355423959523
744,3,False,0.0503268316196386
745,3,False,0.032026209627492114
746,3,False,0.05247756560566339
747,3,False,0.0
748,3,False,0.08197617747644455
749,3,False,0.062467967202048426
750,3,False,0.12703292585329892
751,3,False,0.25523198994065976
752,3,False,0.08938251705000261
753,3,False,0.10509088967905175
754,3,False,0.22745393077671744
755,3,False,0.3289250091550517
756,3,False,0.16194135417208866
757,3,False,0.0
758,3,False,0.028090377637372273
759,3,False,0.01637778580234813
760,3,False,0.574405772152328
761,3,False,0.37233767526614464
762,3,False,0.8335971701832607
763,3,False,0.5465676855142159
764,3,False,0.7577320040000532
765,3,False,0.0
766,3,False,0.558916037831728
767,3,False,1.0
768,3,False,0.30715208304911984
769,3,False,0.5548892342349947
770,3,False,0.040330025524101185
771,3,False,0.033712705106772906
772,3,False,0.028615316291190483
773,3,False,0.022904264591199684
774,3,False,0.0
775,3,False,0.05998634922042139
776,3,False,0.022352002337867674
777,3,False,0.0010569045103753832
778,3,False,0.01032786761502821
779,3,False,0.009084558795994516
780,3,False,0.0199438520395465
781,3,False,0.042567370585339125
782,3,False,0.0052537856788244
783,3,False,0.0
784,3,False,0.0008509449542600438
785,3,False,0.011195860805760672
786,3,False,0.009479577031197665
787,3,False,0.0015584512610637097
788,3,False,0.007251381832310412
789,3,False,0.0034334222767683628
790,3,False,0.46317919163813537
791,3,False,0.11740580902365054
792,3,False,0.0
793,3,False,0.023595082280238055
794,3,False,0.47726957336377956
795,3,False,0.18076094166393725
796,3,False,0.054006479176185604
797,3,False,0.05073956254374792
798,3,False,0.03864590082694309
799,3,False,0.07833576901804762
800,4,True,0.08822598452159745
801,4,True,0.0756485301366088
802,4,True,0.03452922563312237
803,4,True,1.0
804,4,True,0.21734541913925734
805,4,True,0.2256334377852854
806,4,True,0.03452922563312237
807,4,True,0.1136346418918957
808,4,True,0.06898477485449817
809,4,True,0.06535074208203873
810,4,True,0.49822994777211904
811,4,True,0.4365286852555566
812,4,True,0.3047019628271939
813,4,True,0.7698946765440944
814,4,True,1.0
815,4,True,0.40318666549841164
816,4,True,0.6242625601167604
817,4,True,0.45978343774036257
818,4,True,0.7420920040437834
819,4,True,0.19111911707966586
820,4,True,0.4551835741351862
821,4,True,0.37102818888341044
822,4,True,0.2525260603902295
823,4,True,0.46062821297230566
824,4,True,1.0
825,4,True,0.5727369881040895
826,4,True,0.8773283836543679
827,4,True,0.5888930739026828
828,4,True,0.5436181463966396
829,4,True,0.5567570667852638
830,4,True,0.9977797968718974
831,4,True,0.2267118430994918
832,4,True,0.557477098351234
833,4,True,0.3388249140076272
834,4,True,0.9901826072977318
835,4,True,0.7175450656521825
836,4,True,1.0
837,4,True,0.6945072255604117
838,4,True,0.7641834311658404
839,4,True,0.508821050607458
840,4,True,0.8551104267560314
841,4,True,0.8653050690566412
842,4,True,0.9999000198657011
843,4,True,1.0
844,4,True,0.7372376943773634
845,4,True,0.3219442069526676
846,4,True,0.702024827745664
847,4,True,0.8920366702375658
848,4,True,0.2115245152454521
849,4,True,0.7261811261684965
850,4,True,0.20122436156509163
851,4,True,0.1720150160827347
852,4,True,0.5243085063497684
853,4,True,0.27354993602632366
854,4,True,0.44820821206373185
855,4,True,0.6722990046688
856,4,True,0.12905341852456498
857,4,True,1.0
858,4,True,0.26004659200496427
859,4,True,0.6267742567651989
860,4,True,0.5231026094437011
861,4,True,0.628287121142009
862,4,True,0.7347358267248619
863,4,True,0.7044346931262402
864,4,True,0.7574202965811698
865,4,True,0.5092501272827932
866,4,True,0.25226679327593116
867,4,True,0.7482359314417115
868,4,True,0.8529518310047799
869,4,True,0.6948416579805942
870,4,True,0.16198882137750775
871,4,True,0.35297936184207185
872,4,True,0.6983441153912571
873,4,True,0.0875072593816751
874,4,True,0.14894932680896833
875,4,True,1.0
876,4,True,0.7537913549118018
877,4,True,0.4996727196656635
878,4,True,0.3715672914207771
879,4,True,0.4961444827631351
880,4,True,0.8409764017016318
881,4,True,0.6696761926919008
882,4,True,0.2592198620712077
883,4,True,0.6167202383186305
884,4,True,0.9219868078489506
885,4,True,0.5348803902975948
886,4,True,1.0
887,4,True,0.8804646299039242
888,4,True,0.9736353227602411
889,4,True,0.4507050886491368
890,4,True,0.14354460241589387
891,4,True,0.2320928538327547
892,4,True,0.0302321797607814
893,4,True,0.4303160125615913
894,4,True,0.3072803152463213
895,4,True,0.6701236010881201
896,4,True,1.0
897,4,True,0.87342626600255
898,4,True,0.6593173729685516
899,4,True,0.16987438400031468
900,4,False,0.06125841425238554
901,4,False,0.00043056809074041425
902,4,False,1.5281470228652997e-05
903,4,False,4.1042748190273264e-05
904,4,False,7.52615185015001e-05
905,4,False,0.006068537363049845
906,4,False,0.0023210239604494563
907,4,False,0.005412040803978493
908,4,False,0.0
909,4,False,0.00043056809074041425
910,4,False,0.0
911,4,False,0.001151037762131125
912,4,False,0.0211717188549187
913,4,False,0.002481161265140183
914,4,False,0.011266009512687244
915,4,False,0.010061513447542834
916,4,False,0.010530258917492364
917,4,False,0.048638874297619504
918,4,False,0.012168469163438505
919,4,False,0.005120196095997999
920,4,False,0.029656666512440935
921,4,False,0.0
922,4,False,0.13994762763097918
923,4,False,0.221693119279614
924,4,False,0.0671568138440075
925,4,False,0.06954358152029698
926,4,False,0.06359535706221026
927,4,False,0.10566643257916031
928,4,False,0.0715796336714186
929,4,False,0.14497839265151077
930,4,False,0.19216286118533463
931,4,False,0.04284940551959085
932,4,False,0.03561414648326142
933,4,False,0.015334648291775926
934,4,False,0.07998827828571484
935,4,False,0.18297923901668306
936,4,False,0.0896574486544087
937,4,False,0.05424035813458219
938,4,False,0.06087754097779545
939,4,False,0.0
940,4,False,0.10068173608347264
941,4,False,0.09899600332314297
942,4,False,0.04826910721958852
943,4,False,0.06469713233576713
944,4,False,0.04681112986719233
945,4,False,0.15261137482627143
946,4,False,0.06375547834042371
947,4,False,0.0
948,4,False,0.10816138962048716
949,4,False,0.14806553650965096
950,4,False,0.013666633590028393
951,4,False,0.03527078276322423
952,4,False,0.017897182213014725
953,4,False,0.027209094058152458
954,4,False,0.011949226574009784
955,4,False,0.0760597733668467
956,4,False,0.04193616194619054
957,4,False,0.00241049767476961
958,4,False,0.003317675499379123
959,4,False,0.0
960,4,False,0.006578513514065965
961,4,False,0.07589902407787134
962,4,False,0.21365630992779475
963,4,False,0.0
964,4,False,0.367614701690226
965,4,False,0.006631626578733634
966,4,False,0.12482761250694796
967,4,False,1.0
968,4,False,0.09066252848338219
969,4,False,0.01934648249416551
970,4,False,0.04845093047718313
971,4,False,0.021564374359685258
972,4,False,0.01623898589809581
973,4,False,0.018192926320123842
974,4,False,0.0
975,4,False,0.044533620274035186
976,4,False,0.022629814421889514
977,4,False,0.0018053828308219986
978,4,False,0.008536268349085335
979,4,False,0.011584126278506178
980,4,False,0.022892542206282455
981,4,False,0.03854279037370579
982,4,False,0.004022234885982995
983,4,False,0.0
984,4,False,0.0004497040687352746
985,4,False,0.01480185077540471
986,4,False,0.008564978440097624
987,4,False,0.0008124768993346449
988,4,False,0.0075896309498536246
989,4,False,0.0041355308174525355
990,4,False,0.1867039460407228
991,4,False,0.05601028014673116
992,4,False,0.0
993,4,False,0.008161255544760644
994,4,False,0.24124137320059272
995,4,False,0.03511969559433932
996,4,False,0.012398067623707208
997,4,False,0.039581806093985435
998,4,False,0.01899764478550917
999,4,False,0.03266908828783278
1000,5,True,0.03137405813895045
1001,5,True,0.02474953798724609
1002,5,True,0.08219243741003877
1003,5,True,0.6409297699951768
1004,5,True,0.08219243741003877
1005,5,True,0.6409297699951768
1006,5,True,0.4306259949643394
1007,5,True,0.00010388671742409087
1008,5,True,0.8825741396279462
1009,5,True,1.0
1010,5,True,0.5783055110853288
1011,5,True,0.1897403760160105
1012,5,True,1.0
1013,5,True,0.6388807790266451
1014,5,True,0.9099704927673784
1015,5,True,0.49060652574451014
1016,5,True,0.7502871156852483
1017,5,True,0.7465869483765452
1018,5,True,0.6315058007752554
1019,5,True,0.3716823066630289
1020,5,True,0.41369583802690435
1021,5,True,0.36409783401026813
1022,5,True,0.5564444717775296
1023,5,True,0.44476515460471944
1024,5,True,0.8638503789815801
1025,5,True,1.0
1026,5,True,0.5816320568803903
1027,5,True,0.7115976818633428
1028,5,True,0.627891343798176
1029,5,True,0.5649576818574296
1030,5,True,0.3110728572623049
1031,5,True,0.23388422118423652
1032,5,True,0.5140678222480649
1033,5,True,0.1387019868215508
1034,5,True,0.9680032250340922
1035,5,True,0.7618368555601602
1036,5,True,1.0
1037,5,True,0.9110151638078037
1038,5,True,0.5823586378070061
1039,5,True,0.4133852494856383
1040,5,True,1.0
1041,5,True,0.6983376067167558
1042,5,True,0.34745584711411287
1043,5,True,0.7284665346417111
1044,5,True,0.19082146630042793
1045,5,True,0.397109845252509
1046,5,True,0.6164513076677762
1047,5,True,0.10242286587113693
1048,5,True,0.4300818809105573
1049,5,True,0.1282572682386599
1050,5,True,0.44808614586344786
1051,5,True,0.21703676599409852
1052,5,True,0.6149366326150044
1053,5,True,0.6392378542309435
1054,5,True,1.0
1055,5,True,0.36813005125168236
1056,5,True,0.876652165239841
1057,5,True,0.4589902957774917
1058,5,True,0.6750702037443644
1059,5,True,0.617684390137697
1060,5,True,0.356336102033589
1061,5,True,0.3092763789816262
1062,5,True,0.4227675519728224
1063,5,True,0.32845580844097877
1064,5,True,0.5998889148780585
1065,5,True,0.8873720166854551
1066,5,True,0.5115608159665672
1067,5,True,0.5810963409158263
1068,5,True,0.48722108887864696
1069,5,True,1.0
1070,5,True,0.7341364904997564
1071,5,True,0.7540195359809763
1072,5,True,0.8892001787582137
1073,5,True,0.2193222821789493
1074,5,True,0.1715883895451625
1075,5,True,0.447905108212671
1076,5,True,0.7403503996448431
1077,5,True,0.5980658461814212
1078,5,True,0.5186209341738102
1079,5,True,1.0
1080,5,True,0.34175415496808437
1081,5,True,0.5397536980842871
1082,5,True,1.0
1083,5,True,0.1556948752202548
1084,5,True,0.7837294712180642
1085,5,True,0.7762151797966568
1086,5,True,0.7319444942062275
1087,5,True,0.6439935249710388
1088,5,True,0.9614795021141928
1089,5,True,0.5678744951263206
1090,5,True,0.5088503771823273
1091,5,True,1.0
1092,5,True,0.2902601696686595
1093,5,True,0.5635953773713019
1094,5,True,0.6177953867028311
1095,5,True,0.8335914830503236
1096,5,True,0.6792974700789339
1097,5,True,0.6650087171818537
1098,5,True,0.6151311623505316
1099,5,True,0.36150569696400375
1100,5,False,6.226698736996178e-05
1101,5,False,7.527943257121404e-07
1102,5,False,9.350141554749409e-07
1103,5,False,1.6683082047523733e-06
1104,5,False,0.0
1105,5,False,7.704566616562636e-06
1106,5,False,7.854775097632729e-06
1107,5,False,5.153542207979605e-05
1108,5,False,5.3900661223958805e-09
1109,5,False,7.527943257121404e-07
1110,5,False,0.0
1111,5,False,0.005938711573934493
1112,5,False,0.03204700364859264
1113,5,False,0.0013056116909068972
1114,5,False,0.05118110233195086
1115,5,False,0.05041593746055803
1116,5,False,0.06697019737442071
1117,5,False,0.10914690271846933
1118,5,False,0.011426417270584487
1119,5,False,0.015193550042257168
1120,5,False,0.018238675319432643
1121,5,False,0.0
1122,5,False,0.04955462780129985
1123,5,False,0.2502066759264366
1124,5,False,0.1085607425462966
1125,5,False,0.05473479226918648
1126,5,False,0.09971339076426203
1127,5,False,0.08710944128996484
1128,5,False,0.06898715341417984
1129,5,False,0.1033879023893254
1130,5,False,0.11573899520332868
1131,5,False,0.030678773380501876
1132,5,False,0.03300377518899264
1133,5,False,0.053189683658326666
1134,5,False,0.01609584761256186
1135,5,False,0.08356100884395641
1136,5,False,0.06029188575854706
1137,5,False,0.003930866629367018
1138,5,False,0.0022747606531909412
1139,5,False,0.0
1140,5,False,0.028701909550758263
1141,5,False,0.039949755940818336
1142,5,False,0.0029609926181988436
1143,5,False,0.01229162732937849
1144,5,False,0.01084310165522323
1145,5,False,0.013435245744779207
1146,5,False,0.02007287160593796
1147,5,False,0.0
1148,5,False,0.01605532713061155
1149,5,False,0.044737632671610315
1150,5,False,0.08246660650862027
1151,5,False,0.18519951998332465
1152,5,False,0.09807694404276093
1153,5,False,0.11631138891824241
1154,5,False,0.16579802907762034
1155,5,False,0.2930187256469997
1156,5,False,0.1535310261926873
1157,5,False,0.0
1158,5,False,0.019754749125679524
1159,5,False,0.011573081929894211
1160,5,False,0.022906076297568988
1161,5,False,0.16275077873757487
1162,5,False,0.41727070803967753
1163,5,False,0.18774806702702848
1164,5,False,0.31022591120773957
1165,5,False,0.0
1166,5,False,0.15407624307602538
1167,5,False,0.9117181968528996
1168,5,False,0.055339510485269514
1169,5,False,0.03147024990684103
1170,5,False,0.06662882039957142
1171,5,False,0.08358707661114288
1172,5,False,0.03224756225444213
1173,5,False,0.09550591265046618
1174,5,False,0.0
1175,5,False,0.10844635672020332
1176,5,False,0.026545761124109737
1177,5,False,0.004173965143969146
1178,5,False,0.046605140042637265
1179,5,False,0.023350009743357027
1180,5,False,0.09214528111558742
1181,5,False,0.08277950190966284
1182,5,False,0.01241665162313972
1183,5,False,0.0
1184,5,False,0.007181799649217147
1185,5,False,0.046921347882992
1186,5,False,0.029106888081034604
1187,5,False,0.005237222775111116
1188,5,False,0.037130032420437845
1189,5,False,0.016216205537736565
1190,5,False,0.7563234844569103
1191,5,False,0.4791066510962584
1192,5,False,0.0
1193,5,False,0.052675914227965775
1194,5,False,0.4827938513767134
1195,5,False,0.3144140165078574
1196,5,False,0.17794910802855882
1197,5,False,0.10001766963823397
1198,5,False,0.14486904383647878
1199,5,False,0.21441365957051975
1200,6,True,0.13215708523226108
1201,6,True,0.2182750532139947
1202,6,True,0.1519624607870205
1203,6,True,0.24984443827605762
1204,6,True,0.8892257793364188
1205,6,True,0.1519624607870205
1206,6,True,0.24984443827605762
1207,6,True,0.3868049995596041
1208,6,True,0.8150104563946035
1209,6,True,1.0
1210,6,True,0.3784229391977455
1211,6,True,0.48911328393801967
1212,6,True,0.37288438848134575
1213,6,True,0.10279847463784926
1214,6,True,0.9312005012894228
1215,6,True,1.0
1216,6,True,0.5641779899923794
1217,6,True,0.3229727916070485
1218,6,True,0.8541625149569277
1219,6,True,0.20620444411282313
1220,6,True,0.6633826266518973
1221,6,True,0.6526526509901907
1222,6,True,0.8425996108709937
1223,6,True,0.6546427366805806
1224,6,True,1.0
1225,6,True,0.6017974267358349
1226,6,True,0.9842417068539784
1227,6,True,0.6767097812398041
1228,6,True,0.726901486484865
1229,6,True,0.7678706249202571
1230,6,True,0.11297703789138026
1231,6,True,0.23204706163448313
1232,6,True,0.20623775869473093
1233,6,True,0.17923717973129868
1234,6,True,1.0
1235,6,True,0.4521977880711722
1236,6,True,0.788093370660157
1237,6,True,0.761979431799313
1238,6,True,0.3359174797050866
1239,6,True,0.855144243755986
1240,6,True,0.58338787624471
1241,6,True,0.3519490119240588
1242,6,True,1.0
1243,6,True,0.7361747837553297
1244,6,True,0.1253735871076197
1245,6,True,0.22212802311211682
1246,6,True,0.5647235420120676
1247,6,True,0.07744257634288157
1248,6,True,0.3680581243897937
1249,6,True,0.0670803674231952
1250,6,True,0.09381731013098565
1251,6,True,0.3398828114402364
1252,6,True,0.4347618872795032
1253,6,True,0.29211100601482093
1254,6,True,0.6171655049348218
1255,6,True,0.643323363347955
1256,6,True,0.16267968028135188
1257,6,True,1.0
1258,6,True,0.2801950990635715
1259,6,True,0.5357823234117569
1260,6,True,1.0
1261,6,True,0.5514542292726448
1262,6,True,0.7032871431830493
1263,6,True,0.5099049868492317
1264,6,True,0.2646290481707757
1265,6,True,0.37510161211735865
1266,6,True,0.35757582742234834
1267,6,True,0.41889211212184657
1268,6,True,0.5187440452342978
1269,6,True,0.6030070669991385
1270,6,True,0.23105676900574382
1271,6,True,0.6811362166147545
1272,6,True,0.7054379287865498
1273,6,True,0.8752335218494108
1274,6,True,0.9201099886084899
1275,6,True,0.19885145779427935
1276,6,True,0.407614981072147
1277,6,True,0.8744608536358597
1278,6,True,0.35529406786130047
1279,6,True,1.0
1280,6,True,0.6591789781298231
1281,6,True,0.40877096720241085
1282,6,True,0.9468633464787857
1283,6,True,0.07326419879553195
1284,6,True,0.3586258012952882
1285,6,True,0.4458779390061682
1286,6,True,0.46434785457680233
1287,6,True,0.6149595857727288
1288,6,True,1.0
1289,6,True,0.3622056051592304
1290,6,True,0.30136318745911345
1291,6,True,0.6173736735902774
1292,6,True,0.09895646560264855
1293,6,True,0.7070996578212889
1294,6,True,0.33795845662251495
1295,6,True,1.0
1296,6,True,0.7656396705093802
1297,6,True,0.44949581832757596
1298,6,True,0.08026186262926037
1299,6,True,0.042132782585910945
1300,6,False,0.31162052431460574
1301,6,False,0.0026069186223523382
1302,6,False,9.701486973026566e-06
1303,6,False,7.89868557020742e-05
1304,6,False,0.0003538064685370962
1305,6,False,0.004219569746156746
1306,6,False,0.0015786595193346036
1307,6,False,0.0043987776772916355
1308,6,False,0.0
1309,6,False,0.0026069186223523382
1310,6,False,0.0
1311,6,False,0.0006790526152563035
1312,6,False,0.021195260509585246
1313,6,False,0.0010881367995419153
1314,6,False,0.01511020845856954
1315,6,False,0.01606000871197722
1316,6,False,0.01972134145912265
1317,6,False,0.08372849969004093
1318,6,False,0.004454191808083005
1319,6,False,0.0021087305711681823
1320,6,False,0.028578991273459923
1321,6,False,0.0
1322,6,False,0.1367375030488653
1323,6,False,0.3247330639136521
1324,6,False,0.11733721767620657
1325,6,False,0.15522034984780206
1326,6,False,0.10251624546988285
1327,6,False,0.12342065622264532
1328,6,False,0.17057374947878037
1329,6,False,0.16017411936217207
1330,6,False,0.09252839731024676
1331,6,False,0.05734154794769666
1332,6,False,0.0727362968976031
1333,6,False,0.01372847955160253
1334,6,False,0.005553582123041776
1335,6,False,0.06421016277654942
1336,6,False,0.054038748176877906
1337,6,False,0.015232385631978523
1338,6,False,0.01352416816567337
1339,6,False,0.0
1340,6,False,0.020893224198497345
1341,6,False,0.07007094769928161
1342,6,False,0.004918423078476795
1343,6,False,0.017994575668577293
1344,6,False,0.008591980630298432
1345,6,False,0.011022408633687558
1346,6,False,0.015960710024515323
1347,6,False,0.0
1348,6,False,0.012399242176797456
1349,6,False,0.062476312226789586
1350,6,False,0.010326623292730158
1351,6,False,0.03927265466618181
1352,6,False,0.019338579832096435
1353,6,False,0.02554932966662377
1354,6,False,0.021164040311127487
1355,6,False,0.07084655587576459
1356,6,False,0.035171202463021745
1357,6,False,0.0006316662122509946
1358,6,False,0.00347271426559515
1359,6,False,0.0
1360,6,False,0.33018876802051145
1361,6,False,0.1860090542380618
1362,6,False,0.2815022410383742
1363,6,False,0.1085615032618669
1364,6,False,0.24307100326546893
1365,6,False,0.0
1366,6,False,0.3768379399968219
1367,6,False,0.709206942769727
1368,6,False,0.18078459380039752
1369,6,False,0.03300322924236348
1370,6,False,0.05602624823720835
1371,6,False,0.02453602549680629
1372,6,False,0.018845492219927304
1373,6,False,0.02960046822030092
1374,6,False,0.0
1375,6,False,0.0440213375275099
1376,6,False,0.021189440194631863
1377,6,False,0.0006247481790692828
1378,6,False,0.01515300531546335
1379,6,False,0.009886762518536355
1380,6,False,0.025772499604174857
1381,6,False,0.03461493536459664
1382,6,False,0.0056114772035743095
1383,6,False,0.0
1384,6,False,0.000764804619240367
1385,6,False,0.01655625319611759
1386,6,False,0.0074672390704126875
1387,6,False,0.0017138007747869387
1388,6,False,0.007684771983579224
1389,6,False,0.0053081306949198095
1390,6,False,0.16311989155569362
1391,6,False,0.0444916911480878
1392,6,False,0.0
1393,6,False,0.007126644468692976
1394,6,False,0.18903735207250205
1395,6,False,0.048065870328159996
1396,6,False,0.012839442545472016
1397,6,False,0.021616695176862905
1398,6,False,0.014617069030942507
1399,6,False,0.011934020674244856
1400,7,True,0.03538180987943678
1401,7,True,0.014138742283583867
1402,7,True,0.9986303891321097
1403,7,True,1.0
1404,7,True,0.1482586506393226
1405,7,True,0.04655902909362351
1406,7,True,0.00015093606517159707
1407,7,True,0.06450633165019759
1408,7,True,0.14884113685355566
1409,7,True,0.1410838610155839
1410,7,True,0.5830639852249844
1411,7,True,0.4533369863139373
1412,7,True,0.22274394747129592
1413,7,True,0.6937994671443584
1414,7,True,1.0
1415,7,True,0.544747641994453
1416,7,True,0.8153903398246839
1417,7,True,0.847161891204359
1418,7,True,0.7404450540838312
1419,7,True,0.4172393496994091
1420,7,True,0.4969941554643111
1421,7,True,0.8643062092854767
1422,7,True,0.5332193402711947
1423,7,True,0.5175593509884113
1424,7,True,0.7193034863063134
1425,7,True,0.8136351970957107
1426,7,True,0.9177390770644153
1427,7,True,0.8411247963863557
1428,7,True,0.9919449237221186
1429,7,True,1.0
1430,7,True,0.9311202682572531
1431,7,True,0.44824345485912587
1432,7,True,0.1263481197645683
1433,7,True,1.0
1434,7,True,0.3805393330819548
1435,7,True,0.5139190461148887
1436,7,True,0.29548033056215695
1437,7,True,0.41923978603748946
1438,7,True,0.5447054545033199
1439,7,True,0.37853572496897886
1440,7,True,1.0
1441,7,True,0.7834497363470269
1442,7,True,0.9555954300336889
1443,7,True,0.8516581243084379
1444,7,True,0.3930719304304986
1445,7,True,0.8421441605557929
1446,7,True,0.43525140062279805
1447,7,True,0.8278465767381649
1448,7,True,0.7602582275403486
1449,7,True,0.42690203575056235
1450,7,True,0.40081480224473803
1451,7,True,0.40193558947366104
1452,7,True,0.3025102333828651
1453,7,True,0.5825695517183388
1454,7,True,0.507921956819529
1455,7,True,0.5246742718543373
1456,7,True,1.0
1457,7,True,0.2494845817413744
1458,7,True,0.17252992795722166
1459,7,True,0.4225561605488868
1460,7,True,0.7321876752799593
1461,7,True,0.7621280769935264
1462,7,True,0.9461387679976949
1463,7,True,0.5515327334575153
1464,7,True,0.7687435348417175
1465,7,True,0.9988506245522947
1466,7,True,0.729387778365869
1467,7,True,0.6656765229043251
1468,7,True,0.8670036364310059
1469,7,True,0.9885433522973902
1470,7,True,0.2204758853096568
1471,7,True,0.6304688834632767
1472,7,True,1.0
1473,7,True,0.7464485996874889
1474,7,True,0.16196760526833556
1475,7,True,0.8823356033751945
1476,7,True,0.695778197751908
1477,7,True,0.4938108709926848
1478,7,True,0.5799785266402212
1479,7,True,0.8548531474543184
1480,7,True,0.6247248645339769
1481,7,True,0.9871353208766742
1482,7,True,0.6208683582140309
1483,7,True,0.4335107963603734
1484,7,True,0.7269047181576177
1485,7,True,0.5600976666492308
1486,7,True,0.31491744288586737
1487,7,True,1.0
1488,7,True,0.886700458455267
1489,7,True,0.539023361967982
1490,7,True,0.31351213701291974
1491,7,True,0.15937116330187798
1492,7,True,0.3918198057208575
1493,7,True,0.03296878508517392
1494,7,True,0.8437729241165631
1495,7,True,0.3624513642328209
1496,7,True,1.0
1497,7,True,0.9483530512259211
1498,7,True,0.6451821492083418
1499,7,True,0.22795069423730283
1500,7,False,8.670694221374777e-05
1501,7,False,4.974696219505646e-06
1502,7,False,1.2720707886923929e-06
1503,7,False,4.076691295395612e-06
1504,7,False,0.0
1505,7,False,0.0001083787976067996
1506,7,False,2.3806794660470485e-05
1507,7,False,0.0003333509723707082
1508,7,False,2.0364117804564254e-08
1509,7,False,4.974696219505646e-06
1510,7,False,0.0009658133108419101
1511,7,False,0.005385971587584012
1512,7,False,0.03165347541762216
1513,7,False,0.0
1514,7,False,0.03175824123621887
1515,7,False,0.02818507979004306
1516,7,False,0.05808145012418879
1517,7,False,0.05024787643779686
1518,7,False,0.01000819699937905
1519,7,False,0.012948650187977794
1520,7,False,0.03674402552544056
1521,7,False,0.0
1522,7,False,0.1543650666479421
1523,7,False,0.3435886466632164
1524,7,False,0.14437215845004162
1525,7,False,0.1576418331293075
1526,7,False,0.22129485119997225
1527,7,False,0.11843988567184995
1528,7,False,0.14934258597239577
1529,7,False,0.16383289224462683
1530,7,False,0.157110723191931
1531,7,False,0.13517983195798045
1532,7,False,0.03184113971820727
1533,7,False,0.04782948732261032
1534,7,False,0.08152399992821913
1535,7,False,0.10525673985601607
1536,7,False,0.14438333946675763
1537,7,False,0.051728128771450804
1538,7,False,0.05043841479434498
1539,7,False,0.0
1540,7,False,0.06302165977483946
1541,7,False,0.07322643429190671
1542,7,False,0.02218596059256068
1543,7,False,0.028413230259980923
1544,7,False,0.03849638171931617
1545,7,False,0.062184950349264585
1546,7,False,0.04232418344474939
1547,7,False,0.0
1548,7,False,0.18575620560237657
1549,7,False,0.026739427798267358
1550,7,False,0.012635284723411664
1551,7,False,0.038025547927500195
1552,7,False,0.03250636675117283
1553,7,False,0.02753990027570998
1554,7,False,0.025605624142960515
1555,7,False,0.0922360884070843
1556,7,False,0.043547857511402666
1557,7,False,0.0
1558,7,False,0.005000175730687993
1559,7,False,0.0017404335994847073
1560,7,False,0.6016875168356542
1561,7,False,0.3632090144503782
1562,7,False,0.8087952279564502
1563,7,False,0.6465755124778281
1564,7,False,0.6443948796320821
1565,7,False,0.0
1566,7,False,0.392403391516859
1567,7,False,1.0
1568,7,False,0.244444746713066
1569,7,False,0.5136265416613142
1570,7,False,0.07905567124278044
1571,7,False,0.04910812624195298
1572,7,False,0.021988227965590825
1573,7,False,0.05097436750523271
1574,7,False,0.0
1575,7,False,0.08107887789665405
1576,7,False,0.034047650558955846
1577,7,False,0.0030762816044763086
1578,7,False,0.018861546714553357
1579,7,False,0.02225417647505372
1580,7,False,0.07333336678270609
1581,7,False,0.03578149691611929
1582,7,False,0.012398235026219867
1583,7,False,0.0
1584,7,False,0.004517035205230239
1585,7,False,0.008587678911065712
1586,7,False,0.020583846085021215
1587,7,False,0.0017147061798382629
1588,7,False,0.036777762230243705
1589,7,False,0.009488211283061211
1590,7,False,0.23534246391604913
1591,7,False,0.04082991287091677
1592,7,False,0.0
1593,7,False,0.01288235056156121
1594,7,False,0.5677376422449293
1595,7,False,0.01524408360517256
1596,7,False,0.0172857342957345
1597,7,False,0.023499560849008023
1598,7,False,0.02580369585887162
1599,7,False,0.026260448578647202
1600,8,True,0.4310171140310588
1601,8,True,0.09011962608016276
1602,8,True,0.28028551722699296
1603,8,True,0.5756334604482354
1604,8,True,0.09011962608016276
1605,8,True,0.28028551722699296
1606,8,True,0.013986863077764094
1607,8,True,0.45447800839341274
1608,8,True,0.757840240073864
1609,8,True,1.0
1610,8,True,0.3133346143646667
1611,8,True,0.38469671021047314
1612,8,True,0.25012145123705914
1613,8,True,0.08508279030592829
1614,8,True,0.7399113202772092
1615,8,True,1.0
1616,8,True,0.3859505184410263
1617,8,True,0.5175158489717041
1618,8,True,0.4787175374906256
1619,8,True,0.18495570557638374
1620,8,True,0.44264051992297615
1621,8,True,0.37617414515994346
1622,8,True,0.23900109858542185
1623,8,True,0.40992368626357745
1624,8,True,0.933351803077154
1625,8,True,0.8787325958905835
1626,8,True,0.8746237207803134
1627,8,True,1.0
1628,8,True,0.5212364196286136
1629,8,True,0.6296906347585133
1630,8,True,0.5272591013009229
1631,8,True,0.4084730332396988
1632,8,True,0.7182954708707832
1633,8,True,0.7706788448569106
1634,8,True,0.633228605374887
1635,8,True,0.757304204197128
1636,8,True,1.0
1637,8,True,0.7299549475202841
1638,8,True,0.5355701988444215
1639,8,True,0.3579646209162123
1640,8,True,1.0
1641,8,True,0.5576681384723682
1642,8,True,0.3512351772197768
1643,8,True,0.6308727994408385
1644,8,True,0.7417942574269835
1645,8,True,0.33316434008915097
1646,8,True,0.609848869687074
1647,8,True,0.12427729300483416
1648,8,True,0.44142877381581525
1649,8,True,0.12745656542349915
1650,8,True,0.5123542044936911
1651,8,True,0.4284822623972508
1652,8,True,0.985428051825352
1653,8,True,0.8963792732564779
1654,8,True,0.8914637092609689
1655,8,True,0.3727030307239489
1656,8,True,0.9550105176322792
1657,8,True,1.0
1658,8,True,0.9381013563177985
1659,8,True,0.8345648769477556
1660,8,True,0.20071794221029318
1661,8,True,0.4954696992124604
1662,8,True,0.554586935470573
1663,8,True,0.2740466961521379
1664,8,True,0.8717673621669293
1665,8,True,0.612514543299785
1666,8,True,0.7906408689103435
1667,8,True,0.31579270054338887
1668,8,True,0.7433786036196967
1669,8,True,0.8614816017762694
1670,8,True,0.15366839401327564
1671,8,True,0.3813763197451292
1672,8,True,0.6217247380704538
1673,8,True,0.11070388242813875
1674,8,True,0.3585586833870848
1675,8,True,1.0
1676,8,True,0.7443211032544891
1677,8,True,0.395194273428802
1678,8,True,0.2523675308019732
1679,8,True,0.5203526682059376
1680,8,True,0.17281144025099393
1681,8,True,0.4269868880552975
1682,8,True,0.46338293638543615
1683,8,True,1.0
1684,8,True,0.6671181358481929
1685,8,True,0.6246979409012042
1686,8,True,0.6090170321376507
1687,8,True,0.6259956722351866
1688,8,True,0.6872262857380576
1689,8,True,0.4191801223272739
1690,8,True,0.21315572459491564
1691,8,True,0.1984220854179368
1692,8,True,0.2828728731463317
1693,8,True,0.5836763588812095
1694,8,True,0.3117518224270976
1695,8,True,0.8364405403510428
1696,8,True,1.0
1697,8,True,0.5486144057482927
1698,8,True,0.43866720683447336
1699,8,True,0.11531043042687077
1700,8,False,0.00469297375208252
1701,8,False,0.00017352432604671617
1702,8,False,1.238511666072643e-05
1703,8,False,0.0005759796277733466
1704,8,False,4.522285871646761e-06
1705,8,False,0.005536154251392566
1706,8,False,0.002728949518041127
1707,8,False,0.006831907145465698
1708,8,False,0.0
1709,8,False,0.00017352432604671617
1710,8,False,1.0884663312706162e-06
1711,8,False,0.0005702080586630708
1712,8,False,0.023458645103059884
1713,8,False,0.0
1714,8,False,0.014110722268617622
1715,8,False,0.013539584336572848
1716,8,False,0.02456402236317975
1717,8,False,0.06115890072885783
1718,8,False,0.007445348691149486
1719,8,False,0.0047128462928385725
1720,8,False,0.06451980172864125
1721,8,False,0.0
1722,8,False,0.1975676075977097
1723,8,False,0.17655349190801936
1724,8,False,0.06138181151065988
1725,8,False,0.08997937430478696
1726,8,False,0.1299244520267594
1727,8,False,0.0928434989618442
1728,8,False,0.06933315315417604
1729,8,False,0.13101599599483918
1730,8,False,0.12510563026701393
1731,8,False,0.060959157193614735
1732,8,False,0.041016706974596105
1733,8,False,0.024505543049222693
1734,8,False,0.049356800230718596
1735,8,False,0.16365150775559964
1736,8,False,0.0889165926603838
1737,8,False,0.020910034728013213
1738,8,False,0.029249526823874036
1739,8,False,0.0
1740,8,False,0.026233838403076196
1741,8,False,0.053833460538882945
1742,8,False,0.002724577121922149
1743,8,False,0.006727554650883503
1744,8,False,0.00973282542019466
1745,8,False,0.015774639921671833
1746,8,False,0.019894901731875296
1747,8,False,0.0
1748,8,False,0.01913791769068688
1749,8,False,0.02776687179115756
1750,8,False,0.18195888356695294
1751,8,False,0.26982423856236126
1752,8,False,0.11602189133448751
1753,8,False,0.15367200992663393
1754,8,False,0.27605067560859076
1755,8,False,0.492795123492907
1756,8,False,0.22812870547050687
1757,8,False,0.0
1758,8,False,0.029551887547383835
1759,8,False,0.01911608461309813
1760,8,False,0.16119141895349273
1761,8,False,0.06384932219205595
1762,8,False,0.3001408704085648
1763,8,False,0.012912036386779608
1764,8,False,0.1324403457644088
1765,8,False,0.008930734412735081
1766,8,False,0.0
1767,8,False,1.0
1768,8,False,0.11472223258689954
1769,8,False,0.06036728507972004
1770,8,False,0.031360693768121145
1771,8,False,0.01206383862931982
1772,8,False,0.021043022420066598
1773,8,False,0.011221731582550956
1774,8,False,0.0
1775,8,False,0.02916246980714265
1776,8,False,0.01984363549501532
1777,8,False,0.0008253445999515158
1778,8,False,0.005415064074864642
1779,8,False,0.004963775856001403
1780,8,False,0.043049067328629606
1781,8,False,0.04563122386063103
1782,8,False,0.012709923963491254
1783,8,False,0.0
1784,8,False,0.0036158055772021465
1785,8,False,0.016453725041798102
1786,8,False,0.014749434081522633
1787,8,False,0.003100793650607405
1788,8,False,0.02298206531986768
1789,8,False,0.008504015769925228
1790,8,False,0.179189687690171
1791,8,False,0.14048250535722734
1792,8,False,0.0
1793,8,False,0.02658977171479536
1794,8,False,0.330462590749451
1795,8,False,0.011312904733199965
1796,8,False,0.04344391335082454
1797,8,False,0.025180291019856735
1798,8,False,0.022136980224731224
1799,8,False,0.03516197431868671
1800,9,True,0.03087539016851924
1801,9,True,0.01528935796750975
1802,9,True,1.0
1803,9,True,0.9998705139757772
1804,9,True,0.15024581191172573
1805,9,True,0.04147688594189635
1806,9,True,0.00015384421320918993
1807,9,True,0.052465604624555844
1808,9,True,0.11115844816903757
1809,9,True,0.15781482883534037
1810,9,True,0.5892305673261686
1811,9,True,0.3445301658458735
1812,9,True,0.17770932118276506
1813,9,True,0.9195318561364434
1814,9,True,1.0
1815,9,True,0.5537424140623459
1816,9,True,0.5102448689086869
1817,9,True,0.75516819429469
1818,9,True,0.6827073660952683
1819,9,True,0.7430596499202498
1820,9,True,0.5780366522400872
1821,9,True,0.8301868746288643
1822,9,True,0.49996582061481015
1823,9,True,0.4900295543965339
1824,9,True,0.691452612710366
1825,9,True,0.6655527741122802
1826,9,True,0.6524563315416635
1827,9,True,0.40543108883288953
1828,9,True,0.7329351477242031
1829,9,True,1.0
1830,9,True,0.517997999246399
1831,9,True,0.33388882683648885
1832,9,True,0.6862645830862901
1833,9,True,0.9092040713778657
1834,9,True,0.7196456475285896
1835,9,True,0.8550571996341262
1836,9,True,1.0
1837,9,True,0.6568796160855972
1838,9,True,0.7987413447484213
1839,9,True,0.7470595316846206
1840,9,True,1.0
1841,9,True,0.6415066551295462
1842,9,True,0.454546334876653
1843,9,True,0.21717109331750417
1844,9,True,0.6337230139036614
1845,9,True,0.7723786709695032
1846,9,True,0.46842557331581136
1847,9,True,0.14647698398590814
1848,9,True,0.4481945152999815
1849,9,True,0.17467626826111726
1850,9,True,0.46175331104993234
1851,9,True,0.2792935150138782
1852,9,True,0.6969071685049536
1853,9,True,0.6052667970459151
1854,9,True,1.0
1855,9,True,0.4011921212524931
1856,9,True,0.7725632153607118
1857,9,True,0.4572995740827176
1858,9,True,0.6389324167108678
1859,9,True,0.7959943089012507
1860,9,True,0.7779456807460223
1861,9,True,0.95530696792087
1862,9,True,0.7215390642616263
1863,9,True,1.0
1864,9,True,0.8408983179039208
1865,9,True,0.9229591006773893
1866,9,True,0.638657204746297
1867,9,True,0.7206957597721902
1868,9,True,0.9510865443635081
1869,9,True,0.848894055936481
1870,9,True,0.13819951544924372
1871,9,True,0.37155417539615543
1872,9,True,0.606963820143692
1873,9,True,0.12942533093984768
1874,9,True,0.2985134255877016
1875,9,True,1.0
1876,9,True,0.7648349293854855
1877,9,True,0.40174260506226295
1878,9,True,0.22141546418569036
1879,9,True,0.523758411627371
1880,9,True,0.23019844328046346
1881,9,True,0.45399589453527917
1882,9,True,0.32968323571926994
1883,9,True,1.0
1884,9,True,0.16199222350688358
1885,9,True,0.44293896673691835
1886,9,True,0.4138164475472881
1887,9,True,0.6822762518967229
1888,9,True,0.4241480737692069
1889,9,True,0.7684275074394515
1890,9,True,0.29773603376321284
1891,9,True,0.1608907477208349
1892,9,True,0.39322201350003605
1893,9,True,0.04522229993113525
1894,9,True,0.2936040991198868
1895,9,True,1.0
1896,9,True,0.798956255460528
1897,9,True,0.48931204496357417
1898,9,True,0.03454014263456159
1899,9,True,0.02570234461794491
1900,9,False,8.121297215835728e-05
1901,9,False,6.017138871352313e-06
1902,9,False,1.4416404615879959e-06
1903,9,False,4.615586336419941e-06
1904,9,False,0.0
1905,9,False,0.00010980965623638124
1906,9,False,2.5983729541763563e-05
1907,9,False,0.00024215415834745875
1908,9,False,3.64594755518381e-08
1909,9,False,6.017138871352313e-06
1910,9,False,0.0
1911,9,False,0.00800904817626565
1912,9,False,0.027999552445282846
1913,9,False,0.004126021876711681
1914,9,False,0.03436570506181965
1915,9,False,0.03255878658754585
1916,9,False,0.028438693132655634
1917,9,False,0.11993034131265652
1918,9,False,0.006837012167832552
1919,9,False,0.00863323178484387
1920,9,False,0.025137432084261998
1921,9,False,0.0
1922,9,False,0.13758731654738557
1923,9,False,0.24732225890359524
1924,9,False,0.10846738826092081
1925,9,False,0.1363688586133154
1926,9,False,0.12990554590038944
1927,9,False,0.1392048115275146
1928,9,False,0.15025112982741606
1929,9,False,0.13350286615253884
1930,9,False,0.13342809461217717
1931,9,False,0.05999265341647247
1932,9,False,0.05483303050518216
1933,9,False,0.0322727129219216
1934,9,False,0.04622077431751378
1935,9,False,0.11030331346979332
1936,9,False,0.11774587856603644
1937,9,False,0.02533882763561185
1938,9,False,0.03312034114211873
1939,9,False,0.0
1940,9,False,0.030049906790277088
1941,9,False,0.05547160341334704
1942,9,False,0.006753904047132315
1943,9,False,0.016558305496546723
1944,9,False,0.0610643220863786
1945,9,False,0.01332924319586581
1946,9,False,0.030226468239816978
1947,9,False,0.0
1948,9,False,0.020236387651274054
1949,9,False,0.04863104127906173
1950,9,False,0.1112273599487484
1951,9,False,0.22941077406605376
1952,9,False,0.10291428498354319
1953,9,False,0.11322291818428228
1954,9,False,0.18231577442315852
1955,9,False,0.3227968775039235
1956,9,False,0.16585292081454783
1957,9,False,0.0
1958,9,False,0.024807052861543794
1959,9,False,0.0113425181475028
1960,9,False,0.5460048955683673
1961,9,False,0.3846083284923196
1962,9,False,0.812396012081438
1963,9,False,0.5507322790759954
1964,9,False,0.6777101180467654
1965,9,False,0.0
1966,9,False,0.4823439259265707
1967,9,False,0.9089223234307305
1968,9,False,0.3446931304010119
1969,9,False,0.5980054511395472
1970,9,False,0.02606268073094993
1971,9,False,0.007790851976292006
1972,9,False,0.011009427664425982
1973,9,False,0.006775792374729272
1974,9,False,0.0
1975,9,False,0.019111112681763926
1976,9,False,0.013673551959076448
1977,9,False,0.00012987415340013115
1978,9,False,0.0030384766367417314
1979,9,False,0.003323180468444123
1980,9,False,0.019169265614144657
1981,9,False,0.04315900329095626
1982,9,False,0.004305220736850961
1983,9,False,0.0
1984,9,False,0.0011185539293060425
1985,9,False,0.013306968664251271
1986,9,False,0.007725322106406677
1987,9,False,0.001733918970490315
1988,9,False,0.005325969726639146
1989,9,False,0.004354316392404831
1990,9,False,0.09783995757097169
1991,9,False,0.017212079334837323
1992,9,False,0.0
1993,9,False,0.0030444614568274587
1994,9,False,0.2313760356540748
1995,9,False,0.015431546155460068
1996,9,False,0.005294971831721122
1997,9,False,0.019538827878660306
1998,9,False,0.0019889825379034247
1999,9,False,0.007138868639838438
